,Username(age)
0,pender(59)
1,freaskie
2,adewhale(41)
3,jideflows(39)
4,uniquebony
5,phronesis(46)
6,femcompany(35)
7,NextProdigy(41)
8,chris4gold(38)
9,opwa4us(31)
10,bologzy(29)
11,olawonder(37)
12,bonnez(35)
13,noble5vers
14,dondigi
15,seankay
16,senitop(26)
17,ewerex
18,mallprof(32)
19,oyfreeman(36)
20,chookudi
21,faksy(30)
22,MORNDEW(29)
23,daymeelarday(25)
24,sigmundfreud(37)
25,Lollyij(25)
26,pavoda(31)
27,Daniel1991(28)
28,Promxy94
29,creamie
30,supernet4(69)
31,Cestmoi1
32,bimchuswhat
33,mykh01(28)
34,Amaragold(29)
35,Firebrand1(36)
36,catalanscrew(36)
37,buchito1(26)
38,kelvin1191
39,BareDare
40,Rock247
41,nelch05
42,saasala(32)
43,amadex(30)
44,Pearlyakin(26)
45,dgame50(26)
46,yerimastyle(29)
47,Johnboy95(25)
48,Chriswazo(28)
49,Goahead(26)
50,Svelte98(24)
51,ojdonald(31)
52,weedtaker
53,wirelessb(29)
54,evadreams(27)
55,buzzys(42)
56,olakel(33)
57,hoyhebhukhs(26)
58,Busaywhatever(30)
59,Dottune
60,ogaofficer
61,shang6ix(25)
62,pamijlove
63,vickyfrancis1(25)
64,akinsondan
65,habeeblai244(22)
66,lagdmark
67,RichieBrown(22)
68,alaminblaze(22)
69,reachome(25)
70,EmekusTHEgreat
71,chriskalel(23)
72,sirpharrell(46)
73,delex004(23)
74,allenbaker5(66)
75,starboy0042(22)
76,Babycherry(44)
77,jide09
78,cyberhike(32)
79,Skain(34)
80,Ximenes45
81,Pwettyella(26)
82,Gbopemi0(22)
83,wizedon(27)
84,Geesarki(29)
85,toluhakinsanmi(36)
86,Sollat007(24)
87,Bigjosh10(24)
88,saracus(29)
89,Nnemuka
90,buchionwuazor(24)
91,bossoflife(39)
92,DeeD1
93,Aboriota4real(33)
94,Peter5694
95,mrBLAYD(39)
96,UmuEri(44)
97,mcayomind(28)
98,Berrylite(67)
99,Lawlarslim
100,Gaddafiyusf
101,prowolo(29)
102,Monotheist(24)
103,raymondcoker(30)
104,sammyjay7265
105,kwasedi(28)
106,HarbySloy(26)
107,candyyy
108,adebayoolatunji
109,youngaduco(24)
110,ybady4real(26)
111,Triciasexy87(32)
112,Subtlelad
113,Pesguy(23)
114,donmatex(27)
115,mazilious(59)
116,Abdulmalique(33)
117,netzro(40)
118,shollyshine(24)
119,LoveDocAdeshina(30)
120,etiket(21)
121,JJpraise(27)
122,maxnedu11
123,Sambaby7640
124,uzoma02(24)
125,ChrisOssai(20)
126,dprogt(26)
127,Ezesampson518
128,nigerianshealth(36)
129,kingyong2473(31)
130,Ugo4hotish
131,Radicalman
132,Udantu(32)
133,djkotech(23)
134,kahaled1(21)
135,Njspark(23)
136,Olalekank(21)
137,kolalekan(20)
138,ManIzHot
139,BeingFrank
140,Alejoas(30)
141,Nchetttaa(24)
142,chukwuebuka88(21)
143,Quinic(26)
144,sacajawea(40)
145,henrybangs44(27)
146,oyinatinuke(27)
147,TechCapon(29)
148,fbun(24)
149,Ajibulu1(27)
150,Chanttyoma(30)
151,Tox85
152,Abzee181(23)
153,blet(31)
154,Aminat97(22)
155,Afamnwa
156,Nefertiti1682
157,47hitman(29)
158,Armstrong44(28)
159,ayomipo123456(26)
160,sodgan01(31)
161,Enkaymoney(23)
162,Kharly1577
163,Vanillacardload
164,bumightpr(22)
165,Emygreat(20)
166,Samson34(49)
167,mariahernandez(26)
168,talnsjhg252(24)
169,tilya22(24)
170,nanciebridges(31)
171,Jessica18(24)
172,mssa22(36)
173,SeePerson92(27)
174,kritiaptehy(27)
175,Bankoleoffice(32)
